churn,Min Tenure,Max Tenure,Avg Tenure,Stddev Tenure,Min Monthly Charges,Max Monthly Charges,Avg Monthly Charges,Stddev Monthly Charges,Min Total Charges,Max Total Charges,Avg Total Charges,Stddev Total Charges
No,1,72,37.88874269005848,24.12164041002692,18.25,118.75,63.95754385964904,30.38306659301174,18.8,8672.45,2673.1817690058515,2361.836080483934
Yes,1,72,18.19961612284069,19.424814679986373,18.85,118.35,75.81869481765845,23.75140314039626,18.85,8684.8,1562.828886756237,1886.3846066770914
